{
  "Logistic Regression": {
    "train": {
      "accuracy": 0.8653846153846154,
      "precision": 0.888,
      "recall": 0.940677966101695,
      "f1": 0.9135802469135802,
      "roc_auc": 0.9272970561998217
    },
    "test": {
      "accuracy": 0.9230769230769231,
      "precision": 0.9333333333333333,
      "recall": 0.9655172413793104,
      "f1": 0.9491525423728814,
      "roc_auc": 0.9241379310344828
    }
  },
  "Random Forest": {
    "train": {
      "accuracy": 1.0,
      "precision": 1.0,
      "recall": 1.0,
      "f1": 1.0,
      "roc_auc": 1.0
    },
    "test": {
      "accuracy": 0.9230769230769231,
      "precision": 0.9333333333333333,
      "recall": 0.9655172413793104,
      "f1": 0.9491525423728814,
      "roc_auc": 0.9620689655172414
    }
  },
  "Gradient Boosting": {
    "train": {
      "accuracy": 1.0,
      "precision": 1.0,
      "recall": 1.0,
      "f1": 1.0,
      "roc_auc": 1.0
    },
    "test": {
      "accuracy": 0.9230769230769231,
      "precision": 0.9642857142857143,
      "recall": 0.9310344827586207,
      "f1": 0.9473684210526315,
      "roc_auc": 0.9689655172413794
    }
  },
  "Extra Trees": {
    "train": {
      "accuracy": 1.0,
      "precision": 1.0,
      "recall": 1.0,
      "f1": 1.0,
      "roc_auc": 1.0
    },
    "test": {
      "accuracy": 0.9487179487179487,
      "precision": 0.9655172413793104,
      "recall": 0.9655172413793104,
      "f1": 0.9655172413793104,
      "roc_auc": 0.9827586206896551
    }
  },
  "AdaBoost": {
    "train": {
      "accuracy": 1.0,
      "precision": 1.0,
      "recall": 1.0,
      "f1": 1.0,
      "roc_auc": 1.0
    },
    "test": {
      "accuracy": 0.8974358974358975,
      "precision": 0.9310344827586207,
      "recall": 0.9310344827586207,
      "f1": 0.9310344827586207,
      "roc_auc": 0.9758620689655173
    }
  },
  "KNN": {
    "train": {
      "accuracy": 0.9551282051282052,
      "precision": 0.9586776859504132,
      "recall": 0.9830508474576272,
      "f1": 0.9707112970711297,
      "roc_auc": 0.9896297948260482
    },
    "test": {
      "accuracy": 0.9230769230769231,
      "precision": 0.9333333333333333,
      "recall": 0.9655172413793104,
      "f1": 0.9491525423728814,
      "roc_auc": 0.9637931034482758
    }
  },
  "SVC": {
    "train": {
      "accuracy": 0.8910256410256411,
      "precision": 0.8740740740740741,
      "recall": 1.0,
      "f1": 0.932806324110672,
      "roc_auc": 0.9582961641391614
    },
    "test": {
      "accuracy": 0.9230769230769231,
      "precision": 0.90625,
      "recall": 1.0,
      "f1": 0.9508196721311475,
      "roc_auc": 0.9551724137931035
    }
  },
  "MLP (Sklearn)": {
    "train": {
      "accuracy": 1.0,
      "precision": 1.0,
      "recall": 1.0,
      "f1": 1.0,
      "roc_auc": 1.0
    },
    "test": {
      "accuracy": 0.9487179487179487,
      "precision": 0.9655172413793104,
      "recall": 0.9655172413793104,
      "f1": 0.9655172413793104,
      "roc_auc": 0.9827586206896552
    }
  },
  "XGBoost": {
    "train": {
      "accuracy": 1.0,
      "precision": 1.0,
      "recall": 1.0,
      "f1": 1.0,
      "roc_auc": 1.0
    },
    "test": {
      "accuracy": 0.9230769230769231,
      "precision": 0.9333333333333333,
      "recall": 0.9655172413793104,
      "f1": 0.9491525423728814,
      "roc_auc": 0.9758620689655173
    }
  },
  "LightGBM": {
    "train": {
      "accuracy": 1.0,
      "precision": 1.0,
      "recall": 1.0,
      "f1": 1.0,
      "roc_auc": 1.0
    },
    "test": {
      "accuracy": 0.9230769230769231,
      "precision": 0.9333333333333333,
      "recall": 0.9655172413793104,
      "f1": 0.9491525423728814,
      "roc_auc": 0.9517241379310346
    }
  },
  "CatBoost": {
    "train": {
      "accuracy": 1.0,
      "precision": 1.0,
      "recall": 1.0,
      "f1": 1.0,
      "roc_auc": 1.0
    },
    "test": {
      "accuracy": 0.9487179487179487,
      "precision": 0.9655172413793104,
      "recall": 0.9655172413793104,
      "f1": 0.9655172413793104,
      "roc_auc": 0.9827586206896551
    }
  }
}