{
  "train": {
    "accuracy": 1.0,
    "precision": 1.0,
    "recall": 1.0,
    "f1": 1.0,
    "roc_auc": 1.0
  },
  "test": {
    "accuracy": 0.9487179487179487,
    "precision": 0.9655172413793104,
    "recall": 0.9655172413793104,
    "f1": 0.9655172413793104,
    "roc_auc": 0.9827586206896552
  }
}